{
  "input": [1.0, 2.0, 3.0, 4.0, 5.0],
  "output": {
    "iterations": [1, 2, 3],
    "convergence_metrics": [
      1.1708203932499369,
      0.4472135954999579,
      0.17082039324993694
    ],
    "final_state": [
      2.236,
      2.618,
      3.0,
      3.382,
      3.764
    ]
  },
  "checksum": 15.0
}