{
  "input": [1.0, 2.0, 3.0, 4.0, 5.0],
  "output": {
    "iterations": [1, 2, 3],
    "convergence_metrics": [
      1.2079900661843208,
      0.7465378609019102,
      0.4613603980373807
    ],
    "final_state": [
      2.5279419359999995,
      2.7639709679999998,
      3.0,
      3.236029032,
      3.4720580639999996
    ]
  },
  "checksum": 15.0
}